{"cameraMode":{"drawMode":0,"name":"Shaded","section":"Shading Mode"},"sceneLighting":true,"audioPlay":false,"sceneViewState":{"showFog":false,"showMaterialUpdate":false,"showSkybox":false,"showFlares":false,"showImageEffects":false,"showParticleSystems":false},"in2DMode":false,"pivot":{"x":3.2088913917541506,"y":1.365468144416809,"z":20.124576568603517},"rotation":{"x":-0.5066370964050293,"y":0.47693729400634768,"z":-0.40952715277671816,"w":-0.5900329947471619},"size":25.765920639038087,"orthographic":false}